step,active_fraction,changed_fraction,multi_cell_cluster_count,largest_cluster_size,multicell_active_fraction,multi_cell_cluster_count_rolling,largest_cluster_size_rolling
1,0.15209999680519104,0.0987,218,37,0.1475,218.0,37.0
2,0.13089999556541443,0.0256,184,36,0.1289,201.0,36.5
3,0.12359999865293503,0.0101,175,36,0.1225,192.33333333333334,36.333333333333336
4,0.12049999833106995,0.0055,172,36,0.1199,187.25,36.25
5,0.11969999969005585,0.0034,173,36,0.1191,184.4,36.2
6,0.11860000342130661,0.0033,172,36,0.1181,182.33333333333334,36.166666666666664
7,0.11829999834299088,0.0019,171,36,0.1179,180.71428571428572,36.142857142857146
8,0.11860000342130661,0.0021,171,36,0.1176,179.5,36.125
9,0.11840000003576279,0.002,170,36,0.1179,178.44444444444446,36.111111111111114
10,0.11949999630451202,0.0027,170,36,0.1181,177.6,36.1
11,0.11879999935626984,0.0023,170,36,0.1182,176.9090909090909,36.09090909090909
12,0.11860000342130661,0.0014,170,36,0.1184,176.33333333333334,36.083333333333336
13,0.11900000274181366,0.0016,169,36,0.1184,175.76923076923077,36.07692307692308
14,0.11980000138282776,0.0024,169,37,0.1192,175.28571428571428,36.142857142857146
15,0.11999999731779099,0.0022,170,38,0.1194,174.93333333333334,36.266666666666666
16,0.1200999990105629,0.0027,169,38,0.1194,174.5625,36.375
17,0.12030000239610672,0.0028,169,38,0.1196,174.23529411764707,36.470588235294116
18,0.12049999833106995,0.003,167,39,0.1197,173.83333333333334,36.611111111111114
19,0.11999999731779099,0.0029,167,39,0.1192,173.47368421052633,36.73684210526316
20,0.11860000342130661,0.0028,167,39,0.1181,173.15,36.85
21,0.11789999902248383,0.0021,165,39,0.1176,172.76190476190476,36.95238095238095
22,0.11919999867677689,0.0027,164,39,0.1177,172.36363636363637,37.04545454545455
23,0.11829999834299088,0.0029,164,39,0.1175,172.0,37.130434782608695
24,0.11749999970197678,0.002,163,39,0.117,171.625,37.208333333333336
25,0.11749999970197678,0.0014,161,39,0.1172,171.2,37.28
26,0.11779999732971191,0.0017,161,39,0.117,170.80769230769232,37.34615384615385
27,0.11819999665021896,0.0024,161,39,0.1173,170.44444444444446,37.407407407407405
28,0.11739999800920486,0.0026,160,39,0.1166,170.07142857142858,37.464285714285715
29,0.1168999969959259,0.0021,159,40,0.1165,169.68965517241378,37.55172413793103
30,0.11710000038146973,0.002,158,39,0.1162,169.3,37.6
31,0.11659999936819077,0.0017,158,39,0.1163,168.93548387096774,37.645161290322584
32,0.11729999631643295,0.0021,157,39,0.1162,168.5625,37.6875
33,0.11659999936819077,0.0019,157,39,0.1162,168.21212121212122,37.72727272727273
34,0.11680000275373459,0.0016,157,39,0.1161,167.88235294117646,37.76470588235294
35,0.11670000106096268,0.0015,157,39,0.1163,167.57142857142858,37.8
36,0.11599999666213989,0.0015,156,39,0.1158,167.25,37.833333333333336
37,0.11599999666213989,0.0018,155,39,0.1155,166.9189189189189,37.86486486486486
38,0.11569999903440475,0.0023,153,39,0.115,166.55263157894737,37.89473684210526
39,0.11550000309944153,0.0022,152,39,0.1145,166.17948717948718,37.92307692307692
40,0.1152999997138977,0.0024,151,39,0.1145,165.8,37.95
41,0.11580000072717667,0.0027,152,32,0.1149,165.46341463414635,37.80487804878049
42,0.11550000309944153,0.0023,152,33,0.1149,165.14285714285714,37.69047619047619
43,0.11580000072717667,0.0017,152,33,0.115,164.8372093023256,37.58139534883721
44,0.11569999903440475,0.0021,152,33,0.1151,164.54545454545453,37.47727272727273
45,0.11580000072717667,0.0019,151,33,0.1153,164.24444444444444,37.37777777777778
46,0.1160999983549118,0.0021,150,33,0.1154,163.93478260869566,37.28260869565217
47,0.11640000343322754,0.0023,150,33,0.1153,163.63829787234042,37.191489361702125
48,0.1160999983549118,0.0025,149,33,0.1154,163.33333333333334,37.104166666666664
49,0.11630000174045563,0.002,149,34,0.1158,163.0408163265306,37.04081632653061
50,0.11630000174045563,0.0018,148,35,0.1156,162.74,37.0
51,0.11640000343322754,0.0023,148,36,0.1155,161.34,36.98
52,0.11590000241994858,0.0029,145,36,0.1153,160.56,36.98
53,0.11630000174045563,0.0024,146,37,0.1155,159.98,37.0
54,0.11540000140666962,0.0027,144,37,0.1145,159.42,37.02
55,0.11550000309944153,0.0023,143,37,0.1148,158.82,37.04
56,0.11559999734163284,0.0023,142,37,0.115,158.22,37.06
57,0.11620000004768372,0.0024,141,37,0.1153,157.62,37.08
58,0.11599999666213989,0.0028,141,37,0.115,157.02,37.1
59,0.11580000072717667,0.002,141,37,0.1152,156.44,37.12
60,0.11590000241994858,0.0021,141,37,0.115,155.86,37.14
61,0.1151999980211258,0.0021,141,37,0.1146,155.28,37.16
62,0.11509999632835388,0.0023,142,37,0.1145,154.72,37.18
63,0.1152999997138977,0.0026,141,37,0.1141,154.16,37.2
64,0.11490000039339066,0.0028,141,37,0.1139,153.6,37.2
65,0.1145000010728836,0.0024,141,37,0.1137,153.02,37.18
66,0.11469999700784683,0.0026,140,37,0.1139,152.44,37.16
67,0.11479999870061874,0.0023,141,37,0.1142,151.88,37.14
68,0.11429999768733978,0.0025,139,37,0.1135,151.32,37.1
69,0.11420000344514847,0.0021,139,38,0.1138,150.76,37.08
70,0.1143999993801117,0.0018,139,38,0.114,150.2,37.06
71,0.11460000276565552,0.0018,139,38,0.1141,149.68,37.04
72,0.1143999993801117,0.0018,140,39,0.1139,149.2,37.04
73,0.11500000208616257,0.002,140,38,0.1139,148.72,37.02
74,0.11490000039339066,0.0027,141,38,0.1139,148.28,37.0
75,0.1145000010728836,0.0026,142,38,0.1136,147.9,36.98
76,0.11389999836683273,0.0024,140,39,0.1134,147.48,36.98
77,0.1143999993801117,0.0023,140,38,0.1135,147.06,36.96
78,0.11420000344514847,0.0026,139,38,0.1134,146.64,36.94
79,0.11469999700784683,0.0031,139,37,0.1133,146.24,36.88
80,0.11410000175237656,0.0028,139,37,0.1132,145.86,36.84
81,0.11429999768733978,0.0022,139,37,0.1137,145.48,36.8
82,0.11460000276565552,0.0025,139,37,0.1137,145.12,36.76
83,0.11500000208616257,0.0026,139,37,0.1141,144.76,36.72
84,0.11500000208616257,0.0022,138,37,0.1141,144.38,36.68
85,0.1151999980211258,0.0024,138,37,0.1144,144.0,36.64
86,0.11479999870061874,0.0022,137,37,0.1143,143.62,36.6
87,0.1152999997138977,0.0021,137,37,0.1142,143.26,36.56
88,0.11469999700784683,0.0022,138,37,0.1142,142.96,36.52
89,0.11479999870061874,0.0021,137,37,0.1139,142.66,36.48
90,0.11500000208616257,0.0024,136,37,0.1144,142.36,36.44
91,0.11479999870061874,0.0016,136,37,0.1142,142.04,36.54
92,0.1145000010728836,0.0019,136,37,0.1138,141.72,36.62
93,0.11500000208616257,0.0027,135,37,0.1138,141.38,36.7
94,0.11479999870061874,0.0034,136,37,0.1136,141.06,36.78
95,0.1145000010728836,0.0027,136,37,0.1137,140.76,36.86
96,0.11500000208616257,0.0025,136,38,0.1139,140.48,36.96
97,0.11469999700784683,0.0029,136,37,0.1137,140.2,37.04
98,0.11420000344514847,0.0021,134,37,0.1137,139.9,37.12
99,0.1143999993801117,0.0018,134,37,0.1138,139.6,37.18
100,0.1145000010728836,0.0019,133,37,0.1137,139.3,37.22
101,0.11429999768733978,0.0016,133,37,0.1137,139.0,37.24
102,0.11509999632835388,0.0022,132,37,0.1143,138.74,37.26
103,0.1145000010728836,0.0022,132,37,0.1139,138.46,37.26
104,0.11429999768733978,0.0016,134,37,0.1137,138.26,37.26
105,0.11410000175237656,0.002,133,37,0.1136,138.06,37.26
106,0.1145000010728836,0.0018,133,37,0.1138,137.88,37.26
107,0.11490000039339066,0.0024,133,37,0.1141,137.72,37.26
108,0.11469999700784683,0.0018,132,37,0.1144,137.54,37.26
109,0.11490000039339066,0.0012,132,37,0.1143,137.36,37.26
110,0.11479999870061874,0.0013,132,37,0.1143,137.18,37.26
111,0.11469999700784683,0.0011,132,37,0.1145,137.0,37.26
112,0.11500000208616257,0.0013,133,37,0.1143,136.82,37.26
113,0.11559999734163284,0.0022,133,37,0.1147,136.66,37.26
114,0.11479999870061874,0.0022,133,37,0.1143,136.5,37.26
115,0.11500000208616257,0.0016,132,37,0.1145,136.32,37.26
116,0.11509999632835388,0.0017,132,37,0.1144,136.16,37.26
117,0.11580000072717667,0.0023,132,37,0.1146,135.98,37.26
118,0.1160999983549118,0.0031,132,37,0.1148,135.84,37.26
119,0.1151999980211258,0.0025,131,37,0.1147,135.68,37.24
120,0.11540000140666962,0.0016,132,37,0.1147,135.54,37.22
121,0.1160999983549118,0.0029,132,37,0.1146,135.4,37.2
122,0.11580000072717667,0.0031,131,37,0.115,135.22,37.16
123,0.11550000309944153,0.0023,130,39,0.1149,135.02,37.18
124,0.11540000140666962,0.0017,130,38,0.1148,134.8,37.18
125,0.11550000309944153,0.0015,131,38,0.1149,134.58,37.18
126,0.1152999997138977,0.0012,131,39,0.1149,134.4,37.18
127,0.11559999734163284,0.0013,130,39,0.1152,134.2,37.2
128,0.11620000004768372,0.002,130,39,0.1153,134.02,37.22
129,0.11599999666213989,0.0026,131,39,0.1152,133.86,37.26
130,0.11550000309944153,0.0023,131,39,0.1147,133.7,37.3
131,0.11550000309944153,0.0022,130,38,0.1145,133.52,37.32
132,0.11559999734163284,0.0025,130,39,0.1149,133.34,37.36
133,0.11580000072717667,0.002,129,39,0.115,133.14,37.4
134,0.11590000241994858,0.0021,130,39,0.1153,132.98,37.44
135,0.11599999666213989,0.0019,130,39,0.115,132.82,37.48
136,0.11540000140666962,0.0018,129,39,0.1151,132.66,37.52
137,0.11569999903440475,0.0013,129,39,0.1151,132.5,37.56
138,0.11550000309944153,0.0018,129,39,0.115,132.32,37.6
139,0.1151999980211258,0.0025,128,39,0.1143,132.14,37.64
140,0.11479999870061874,0.0022,128,39,0.1143,131.98,37.68
141,0.11490000039339066,0.0021,127,43,0.114,131.8,37.8
142,0.11540000140666962,0.0027,127,44,0.1142,131.62,37.94
143,0.11490000039339066,0.0025,127,44,0.1141,131.46,38.08
144,0.11460000276565552,0.0021,127,44,0.1139,131.28,38.22
145,0.1143999993801117,0.0026,125,44,0.1138,131.06,38.36
146,0.1145000010728836,0.0023,125,44,0.1136,130.84,38.48
147,0.11410000175237656,0.0026,125,44,0.1135,130.62,38.62
148,0.11330000311136246,0.0016,124,44,0.1129,130.42,38.76
149,0.11410000175237656,0.0018,125,44,0.1135,130.24,38.9
150,0.11429999768733978,0.0026,125,43,0.1134,130.08,39.02
151,0.11379999667406082,0.0027,126,43,0.1131,129.94,39.14
152,0.1145000010728836,0.0025,124,43,0.1137,129.78,39.26
153,0.1145000010728836,0.0024,124,43,0.1135,129.62,39.38
154,0.1136000007390976,0.0017,124,43,0.1134,129.42,39.5
155,0.1143999993801117,0.0016,124,43,0.1135,129.24,39.62
156,0.1143999993801117,0.0026,124,44,0.1135,129.06,39.76
157,0.11429999768733978,0.0023,124,45,0.1136,128.88,39.92
158,0.11410000175237656,0.0018,124,45,0.1136,128.72,40.08
159,0.11479999870061874,0.0021,124,45,0.1139,128.56,40.24
160,0.11500000208616257,0.0028,124,45,0.114,128.4,40.4
161,0.11490000039339066,0.0021,124,45,0.1144,128.24,40.56
162,0.11490000039339066,0.002,124,45,0.1142,128.06,40.72
163,0.1151999980211258,0.0021,124,45,0.1141,127.88,40.88
164,0.11469999700784683,0.0021,124,45,0.1144,127.7,41.04
165,0.1152999997138977,0.0018,124,45,0.1146,127.54,41.2
166,0.11580000072717667,0.0031,125,46,0.115,127.4,41.38
167,0.11490000039339066,0.0023,125,46,0.1143,127.26,41.56
168,0.11569999903440475,0.003,123,47,0.1145,127.08,41.76
169,0.11550000309944153,0.0034,122,48,0.115,126.9,41.98
170,0.11479999870061874,0.0019,122,47,0.1143,126.7,42.18
171,0.11479999870061874,0.002,122,47,0.1141,126.5,42.38
172,0.1151999980211258,0.0026,122,47,0.1141,126.32,42.58
173,0.11469999700784683,0.0021,122,47,0.114,126.16,42.74
174,0.1143999993801117,0.0019,122,47,0.1136,126.0,42.92
175,0.1143999993801117,0.003,120,47,0.1133,125.78,43.1
176,0.11420000344514847,0.0028,120,47,0.1132,125.56,43.26
177,0.11429999768733978,0.0025,120,47,0.113,125.36,43.42
178,0.11379999667406082,0.0023,120,47,0.1131,125.16,43.58
179,0.11330000311136246,0.0015,121,47,0.1129,124.96,43.74
180,0.11410000175237656,0.002,122,47,0.1133,124.78,43.9
181,0.11389999836683273,0.0024,122,47,0.113,124.62,44.08
182,0.11420000344514847,0.0021,122,47,0.1132,124.46,44.24
183,0.11420000344514847,0.0024,122,47,0.1136,124.32,44.4
184,0.1137000024318695,0.0019,122,47,0.1135,124.16,44.56
185,0.11420000344514847,0.0013,122,47,0.1136,124.0,44.72
186,0.1145000010728836,0.0019,122,47,0.1138,123.86,44.88
187,0.11479999870061874,0.0019,122,47,0.114,123.72,45.04
188,0.11460000276565552,0.0028,122,47,0.1137,123.58,45.2
189,0.1143999993801117,0.0022,122,47,0.114,123.46,45.36
190,0.11479999870061874,0.0016,123,47,0.1141,123.36,45.52
191,0.11429999768733978,0.0023,121,45,0.1137,123.24,45.56
192,0.1143999993801117,0.0019,120,46,0.1136,123.1,45.6
193,0.11420000344514847,0.0022,121,47,0.1133,122.98,45.66
194,0.11429999768733978,0.0025,121,46,0.1135,122.86,45.7
195,0.11400000005960464,0.0021,121,46,0.1133,122.78,45.74
196,0.11429999768733978,0.0023,121,46,0.1132,122.7,45.78
197,0.11389999836683273,0.003,121,46,0.1128,122.62,45.82
198,0.11389999836683273,0.003,121,47,0.1131,122.56,45.88
199,0.11429999768733978,0.0024,121,47,0.1135,122.48,45.94
200,0.11509999632835388,0.0028,121,49,0.1139,122.4,46.06
201,0.1145000010728836,0.0028,121,47,0.1134,122.3,46.14
202,0.1145000010728836,0.0026,121,47,0.1137,122.24,46.22
203,0.11400000005960464,0.0029,120,48,0.1132,122.16,46.32
204,0.1137000024318695,0.0023,119,47,0.1133,122.06,46.4
205,0.1137000024318695,0.0016,119,47,0.1132,121.96,46.48
206,0.11420000344514847,0.0021,119,47,0.1135,121.86,46.54
207,0.11410000175237656,0.0025,118,47,0.1131,121.74,46.58
208,0.1143999993801117,0.0027,118,47,0.1135,121.62,46.62
209,0.11429999768733978,0.0023,118,47,0.1136,121.5,46.66
210,0.11410000175237656,0.002,118,46,0.1135,121.38,46.68
211,0.1143999993801117,0.0019,118,46,0.1137,121.26,46.7
212,0.11410000175237656,0.0025,118,46,0.1134,121.14,46.72
213,0.1136000007390976,0.0021,118,46,0.113,121.02,46.74
214,0.11379999667406082,0.0016,117,46,0.1132,120.88,46.76
215,0.11400000005960464,0.0018,118,46,0.1136,120.76,46.78
216,0.11509999632835388,0.0029,116,46,0.114,120.58,46.78
217,0.11479999870061874,0.0021,116,46,0.1142,120.4,46.78
218,0.1151999980211258,0.0018,116,46,0.1144,120.26,46.76
219,0.11490000039339066,0.0023,117,47,0.1142,120.16,46.74
220,0.1143999993801117,0.0019,116,47,0.1137,120.04,46.74
221,0.11490000039339066,0.0019,115,47,0.1141,119.9,46.74
222,0.1152999997138977,0.002,115,47,0.1143,119.76,46.74
223,0.11509999632835388,0.0024,116,47,0.1144,119.64,46.74
224,0.11599999666213989,0.0029,116,47,0.1146,119.52,46.74
225,0.11550000309944153,0.0025,116,47,0.1148,119.44,46.74
226,0.11550000309944153,0.0022,116,47,0.115,119.36,46.74
227,0.1151999980211258,0.0023,115,47,0.1146,119.26,46.74
228,0.11460000276565552,0.0018,115,47,0.1144,119.16,46.74
229,0.11410000175237656,0.0013,113,47,0.1139,119.0,46.74
230,0.11500000208616257,0.0017,114,47,0.1144,118.84,46.74
231,0.11500000208616257,0.0026,113,48,0.1142,118.66,46.76
232,0.11540000140666962,0.003,113,49,0.1144,118.48,46.8
233,0.11599999666213989,0.0032,113,50,0.1148,118.3,46.86
234,0.11580000072717667,0.0032,113,51,0.1149,118.12,46.94
235,0.11569999903440475,0.0025,113,52,0.1153,117.94,47.04
236,0.11580000072717667,0.0023,113,52,0.1151,117.76,47.14
237,0.11580000072717667,0.0024,113,52,0.1151,117.58,47.24
238,0.11569999903440475,0.0015,113,52,0.115,117.4,47.34
239,0.11630000174045563,0.0022,112,55,0.1154,117.2,47.5
240,0.11640000343322754,0.0027,111,55,0.1155,116.96,47.66
241,0.11699999868869781,0.0028,112,57,0.116,116.78,47.9
242,0.11640000343322754,0.0018,112,57,0.1158,116.62,48.12
243,0.11659999936819077,0.002,112,57,0.1157,116.44,48.32
244,0.11659999936819077,0.0026,111,57,0.1158,116.24,48.54
245,0.11659999936819077,0.0022,111,57,0.1159,116.04,48.76
246,0.11699999868869781,0.0026,112,57,0.1159,115.86,48.98
247,0.11640000343322754,0.0022,112,57,0.1158,115.68,49.2
248,0.11659999936819077,0.0018,112,57,0.1159,115.5,49.4
249,0.1160999983549118,0.0019,112,57,0.1155,115.32,49.6
250,0.11630000174045563,0.0016,111,57,0.1158,115.12,49.76
251,0.1168999969959259,0.002,111,57,0.1164,114.92,49.96
252,0.11590000241994858,0.0022,111,56,0.1153,114.72,50.14
253,0.11590000241994858,0.0024,109,57,0.1152,114.5,50.32
254,0.11559999734163284,0.0019,109,57,0.1151,114.3,50.52
255,0.1152999997138977,0.0017,109,57,0.1147,114.1,50.72
256,0.11500000208616257,0.0017,109,57,0.1145,113.9,50.92
257,0.1160999983549118,0.0023,109,57,0.1149,113.72,51.12
258,0.11580000072717667,0.0023,109,58,0.115,113.54,51.34
259,0.11540000140666962,0.002,109,57,0.1149,113.36,51.54
260,0.11630000174045563,0.0025,110,58,0.1154,113.2,51.78
261,0.1160999983549118,0.0028,109,58,0.1153,113.02,52.02
262,0.11640000343322754,0.0025,109,58,0.1155,112.84,52.26
263,0.11569999903440475,0.0025,109,58,0.1153,112.66,52.5
264,0.11620000004768372,0.0025,109,58,0.115,112.5,52.74
265,0.11569999903440475,0.0023,109,58,0.1154,112.32,52.98
266,0.11659999936819077,0.0019,107,63,0.1158,112.14,53.32
267,0.11670000106096268,0.0021,107,62,0.1159,111.96,53.64
268,0.11640000343322754,0.0017,107,61,0.1161,111.78,53.94
269,0.11699999868869781,0.0022,107,61,0.1161,111.58,54.22
270,0.11649999767541885,0.0025,107,61,0.1157,111.4,54.5
271,0.1160999983549118,0.0018,108,61,0.1155,111.26,54.78
272,0.11620000004768372,0.0017,107,61,0.1154,111.1,55.06
273,0.11649999767541885,0.0023,107,61,0.1153,110.92,55.34
274,0.11670000106096268,0.0034,106,62,0.1153,110.72,55.64
275,0.1160999983549118,0.0032,106,62,0.1154,110.52,55.94
276,0.11640000343322754,0.0029,106,62,0.1153,110.32,56.24
277,0.11599999666213989,0.0032,105,63,0.1151,110.12,56.56
278,0.11640000343322754,0.003,106,63,0.1153,109.94,56.88
279,0.11630000174045563,0.0025,106,63,0.1152,109.8,57.2
280,0.11640000343322754,0.0029,104,63,0.1152,109.6,57.52
281,0.11559999734163284,0.0026,104,63,0.1152,109.42,57.82
282,0.11680000275373459,0.0026,104,63,0.1155,109.24,58.1
283,0.11630000174045563,0.0021,104,63,0.1159,109.06,58.36
284,0.11630000174045563,0.0016,104,63,0.1159,108.88,58.6
285,0.11680000275373459,0.0017,104,63,0.1159,108.7,58.82
286,0.11649999767541885,0.0017,104,63,0.1158,108.52,59.04
287,0.11699999868869781,0.0023,104,63,0.1159,108.34,59.26
288,0.1168999969959259,0.0029,104,63,0.1157,108.16,59.48
289,0.11620000004768372,0.0021,104,63,0.116,108.0,59.64
290,0.11710000038146973,0.0019,104,63,0.1158,107.86,59.8
291,0.11640000343322754,0.0023,105,63,0.1159,107.72,59.92
292,0.11720000207424164,0.0026,105,63,0.116,107.58,60.04
293,0.11659999936819077,0.0026,105,63,0.1161,107.44,60.16
294,0.11699999868869781,0.0024,105,64,0.1159,107.32,60.3
295,0.11699999868869781,0.0024,105,64,0.1163,107.2,60.44
296,0.11749999970197678,0.0027,105,65,0.1161,107.06,60.6
297,0.11680000275373459,0.0029,105,64,0.1163,106.92,60.74
298,0.11739999800920486,0.0016,105,64,0.1167,106.78,60.88
299,0.11729999631643295,0.0017,105,64,0.1167,106.64,61.02
300,0.1177000030875206,0.0016,105,64,0.1169,106.52,61.16
301,0.11810000240802765,0.0022,105,64,0.1175,106.4,61.3
302,0.11760000139474869,0.0021,105,64,0.117,106.28,61.46
303,0.11710000038146973,0.0017,105,64,0.1165,106.2,61.6
304,0.11710000038146973,0.0018,105,64,0.1164,106.12,61.74
305,0.11729999631643295,0.002,105,64,0.1164,106.04,61.88
306,0.11729999631643295,0.0024,105,64,0.1163,105.96,62.02
307,0.11710000038146973,0.0018,105,64,0.1166,105.88,62.16
308,0.11729999631643295,0.0018,105,63,0.1167,105.8,62.26
309,0.11739999800920486,0.0023,104,63,0.1165,105.7,62.38
310,0.11789999902248383,0.0027,104,63,0.1167,105.58,62.48
311,0.11710000038146973,0.0026,105,63,0.1163,105.5,62.58
312,0.1168999969959259,0.002,105,63,0.116,105.42,62.68
313,0.11670000106096268,0.0022,105,63,0.1159,105.34,62.78
314,0.1160999983549118,0.0018,105,63,0.1156,105.26,62.88
315,0.11630000174045563,0.002,105,63,0.1156,105.18,62.98
316,0.11630000174045563,0.0022,105,63,0.1155,105.14,62.98
317,0.11620000004768372,0.0019,105,63,0.1154,105.1,63.0
318,0.11630000174045563,0.0021,105,63,0.1154,105.06,63.04
319,0.11659999936819077,0.0023,105,63,0.1158,105.02,63.08
320,0.11649999767541885,0.0027,105,62,0.1154,104.98,63.1
321,0.11659999936819077,0.0027,105,62,0.1156,104.92,63.12
322,0.11680000275373459,0.0026,105,62,0.116,104.88,63.14
323,0.1168999969959259,0.0029,105,61,0.1163,104.84,63.14
324,0.11620000004768372,0.0013,105,62,0.1162,104.82,63.14
325,0.11729999631643295,0.0015,105,62,0.1164,104.8,63.14
326,0.1168999969959259,0.0022,105,62,0.1161,104.78,63.14
327,0.11699999868869781,0.0023,105,62,0.116,104.78,63.12
328,0.11630000174045563,0.0025,105,63,0.1155,104.76,63.12
329,0.11620000004768372,0.0023,105,64,0.1155,104.74,63.14
330,0.11649999767541885,0.0019,105,65,0.1159,104.76,63.18
331,0.1168999969959259,0.002,106,66,0.116,104.8,63.24
332,0.11649999767541885,0.002,105,65,0.1158,104.82,63.28
333,0.11659999936819077,0.0021,105,65,0.1155,104.84,63.32
334,0.11590000241994858,0.0021,105,65,0.1154,104.86,63.36
335,0.11649999767541885,0.0028,105,65,0.1153,104.88,63.4
336,0.11620000004768372,0.0029,105,65,0.1155,104.9,63.44
337,0.11729999631643295,0.0027,105,65,0.1155,104.92,63.48
338,0.1160999983549118,0.0028,105,66,0.1155,104.94,63.54
339,0.1160999983549118,0.0018,105,67,0.1158,104.96,63.62
340,0.11640000343322754,0.0017,105,68,0.1159,104.98,63.72
341,0.11680000275373459,0.0022,105,68,0.1157,104.98,63.82
342,0.11620000004768372,0.002,105,68,0.1158,104.98,63.92
343,0.11680000275373459,0.0018,104,68,0.116,104.96,64.02
344,0.11659999936819077,0.0024,104,68,0.1157,104.94,64.1
345,0.11720000207424164,0.0028,104,68,0.1161,104.92,64.18
346,0.11630000174045563,0.0023,104,68,0.1158,104.9,64.24
347,0.11640000343322754,0.0017,104,67,0.1159,104.88,64.3
348,0.11670000106096268,0.0023,105,68,0.1157,104.88,64.38
349,0.11699999868869781,0.0029,105,68,0.1158,104.88,64.46
350,0.11670000106096268,0.0031,105,67,0.1157,104.88,64.52
351,0.11599999666213989,0.0021,104,67,0.1155,104.86,64.58
352,0.1168999969959259,0.0021,104,68,0.1161,104.84,64.66
353,0.11649999767541885,0.002,104,69,0.1162,104.82,64.76
354,0.11739999800920486,0.0021,104,71,0.1166,104.8,64.9
355,0.11720000207424164,0.0024,105,72,0.1166,104.8,65.06
356,0.1177000030875206,0.0019,105,72,0.1168,104.8,65.22
357,0.11729999631643295,0.0022,104,82,0.1168,104.78,65.58
358,0.11699999868869781,0.0017,104,82,0.1167,104.76,65.96
359,0.11729999631643295,0.0015,104,82,0.1169,104.76,66.34
360,0.11720000207424164,0.0009,104,82,0.1169,104.76,66.72
361,0.11800000071525574,0.0016,104,83,0.117,104.74,67.12
362,0.1177000030875206,0.0025,104,83,0.1168,104.72,67.52
363,0.11789999902248383,0.003,104,81,0.1166,104.7,67.88
364,0.11720000207424164,0.0029,103,80,0.1167,104.66,68.22
365,0.11749999970197678,0.0017,103,81,0.117,104.62,68.58
366,0.11819999665021896,0.0019,104,81,0.1171,104.6,68.94
367,0.11749999970197678,0.0025,103,81,0.1168,104.56,69.3
368,0.11819999665021896,0.0023,103,81,0.117,104.52,69.66
369,0.11779999732971191,0.0028,104,79,0.1171,104.5,69.98
370,0.1177000030875206,0.0027,103,78,0.1167,104.46,70.3
371,0.1177000030875206,0.0022,103,79,0.117,104.42,70.64
372,0.11749999970197678,0.0018,103,79,0.1167,104.38,70.98
373,0.11760000139474869,0.0021,103,79,0.1167,104.34,71.34
374,0.11720000207424164,0.002,102,79,0.1165,104.28,71.68
375,0.11710000038146973,0.0015,102,79,0.1165,104.22,72.02
376,0.11800000071525574,0.0029,103,78,0.1168,104.18,72.34
377,0.11760000139474869,0.0036,100,79,0.1164,104.08,72.68
378,0.1168999969959259,0.0023,100,79,0.1163,103.98,73.0
379,0.11720000207424164,0.0023,100,79,0.1163,103.88,73.3
380,0.1177000030875206,0.0029,100,80,0.1162,103.78,73.6
381,0.11670000106096268,0.003,100,79,0.116,103.66,73.86
382,0.11710000038146973,0.0028,99,79,0.1157,103.54,74.14
383,0.11649999767541885,0.0024,99,78,0.1157,103.42,74.4
384,0.11649999767541885,0.002,99,78,0.1156,103.3,74.66
385,0.11640000343322754,0.0021,99,78,0.1159,103.18,74.92
386,0.11659999936819077,0.0024,99,77,0.1158,103.06,75.16
387,0.11729999631643295,0.0029,99,77,0.116,102.94,75.4
388,0.11760000139474869,0.0035,99,77,0.1163,102.82,75.62
389,0.11699999868869781,0.0028,100,77,0.1164,102.72,75.82
390,0.11739999800920486,0.0022,99,77,0.1168,102.6,76.0
391,0.11760000139474869,0.0022,100,77,0.1168,102.5,76.18
392,0.11729999631643295,0.0021,99,77,0.1166,102.38,76.36
393,0.11779999732971191,0.0025,99,77,0.1164,102.28,76.54
394,0.11779999732971191,0.0034,99,76,0.1169,102.18,76.7
395,0.11760000139474869,0.0022,99,76,0.1169,102.08,76.86
396,0.11749999970197678,0.0021,99,75,0.1167,101.98,77.0
397,0.11699999868869781,0.0019,99,75,0.1168,101.88,77.16
398,0.11819999665021896,0.0022,99,76,0.117,101.76,77.32
399,0.11800000071525574,0.0026,99,76,0.117,101.64,77.48
400,0.11739999800920486,0.0022,99,75,0.1167,101.52,77.64
401,0.11710000038146973,0.0025,99,76,0.1163,101.42,77.82
402,0.11680000275373459,0.0031,97,76,0.1159,101.28,77.98
403,0.11659999936819077,0.0024,96,75,0.1158,101.12,78.1
404,0.11779999732971191,0.0028,96,75,0.1163,100.96,78.18
405,0.11640000343322754,0.0032,96,75,0.1156,100.78,78.24
406,0.11640000343322754,0.0024,97,75,0.1156,100.62,78.3
407,0.11640000343322754,0.002,97,75,0.1156,100.48,78.16
408,0.11599999666213989,0.0018,96,75,0.1154,100.32,78.02
409,0.11620000004768372,0.0028,96,75,0.1148,100.16,77.88
410,0.11569999903440475,0.0031,94,75,0.1147,99.96,77.74
411,0.1151999980211258,0.0025,95,75,0.1143,99.78,77.58
412,0.11500000208616257,0.0026,94,75,0.1139,99.58,77.42
413,0.1145000010728836,0.0025,94,75,0.1138,99.38,77.3
414,0.1151999980211258,0.0025,94,74,0.1143,99.2,77.18
415,0.11509999632835388,0.0025,94,74,0.1141,99.02,77.04
416,0.11500000208616257,0.0025,94,74,0.1142,98.82,76.9
417,0.11500000208616257,0.0024,95,74,0.1144,98.66,76.76
418,0.11500000208616257,0.0018,95,74,0.1143,98.5,76.62
419,0.11509999632835388,0.0019,95,74,0.1144,98.32,76.52
420,0.1152999997138977,0.0016,95,74,0.1146,98.16,76.44
421,0.1151999980211258,0.0017,95,74,0.1148,98.0,76.34
422,0.11580000072717667,0.0028,93,74,0.1151,97.8,76.24
423,0.11569999903440475,0.0025,93,74,0.1146,97.6,76.14
424,0.11550000309944153,0.0022,93,74,0.1149,97.42,76.04
425,0.11540000140666962,0.0015,93,74,0.1147,97.24,75.94
426,0.11590000241994858,0.0021,93,76,0.1151,97.04,75.9
427,0.11590000241994858,0.0022,93,75,0.1153,96.9,75.82
428,0.11590000241994858,0.0018,93,75,0.1152,96.76,75.74
429,0.1168999969959259,0.0024,91,76,0.1158,96.58,75.68
430,0.11649999767541885,0.0024,91,75,0.1161,96.4,75.58
431,0.11640000343322754,0.0023,91,73,0.1159,96.22,75.46
432,0.11710000038146973,0.0025,90,75,0.1163,96.04,75.38
433,0.11640000343322754,0.0015,90,75,0.116,95.86,75.32
434,0.11649999767541885,0.0011,90,76,0.1162,95.68,75.28
435,0.11710000038146973,0.0018,90,76,0.1161,95.5,75.24
436,0.11670000106096268,0.0024,89,76,0.116,95.3,75.22
437,0.11649999767541885,0.0016,89,75,0.1161,95.1,75.18
438,0.11710000038146973,0.002,90,76,0.1162,94.92,75.16
439,0.1168999969959259,0.002,90,76,0.1161,94.72,75.14
440,0.1168999969959259,0.0018,90,76,0.1162,94.54,75.12
441,0.11720000207424164,0.0027,90,75,0.116,94.34,75.08
442,0.11680000275373459,0.0026,89,76,0.1162,94.14,75.06
443,0.11710000038146973,0.0019,89,76,0.1164,93.94,75.04
444,0.11659999936819077,0.0023,89,76,0.116,93.74,75.04
445,0.11670000106096268,0.0019,89,76,0.116,93.54,75.04
446,0.11710000038146973,0.0026,89,76,0.116,93.34,75.06
447,0.1168999969959259,0.0028,89,77,0.1162,93.14,75.1
448,0.11729999631643295,0.0026,89,78,0.1166,92.94,75.14
449,0.11699999868869781,0.0021,89,78,0.1166,92.74,75.18
450,0.11729999631643295,0.0017,89,78,0.1165,92.54,75.24
451,0.11760000139474869,0.0027,89,78,0.1166,92.34,75.28
452,0.11789999902248383,0.0029,89,78,0.1169,92.18,75.32
453,0.11810000240802765,0.0026,89,78,0.1168,92.04,75.38
454,0.11800000071525574,0.0029,89,79,0.117,91.9,75.46
455,0.11739999800920486,0.002,89,79,0.1169,91.76,75.54
456,0.11789999902248383,0.0021,89,79,0.1168,91.6,75.62
457,0.1177000030875206,0.0024,89,79,0.117,91.44,75.7
458,0.11779999732971191,0.0019,89,79,0.117,91.3,75.78
459,0.11810000240802765,0.0025,89,80,0.1172,91.16,75.88
460,0.11749999970197678,0.0022,89,79,0.117,91.06,75.96
461,0.11779999732971191,0.0017,90,80,0.1172,90.96,76.06
462,0.11779999732971191,0.0016,90,80,0.117,90.88,76.16
463,0.1177000030875206,0.0019,90,80,0.1169,90.8,76.26
464,0.11860000342130661,0.0031,90,80,0.1174,90.72,76.38
465,0.1177000030875206,0.0029,89,80,0.1168,90.62,76.5
466,0.11739999800920486,0.0021,89,80,0.1168,90.52,76.62
467,0.11779999732971191,0.0016,89,80,0.1172,90.4,76.74
468,0.11800000071525574,0.0022,89,80,0.117,90.28,76.86
469,0.11800000071525574,0.0026,89,80,0.1169,90.16,76.98
470,0.11810000240802765,0.0025,89,80,0.1171,90.04,77.1
471,0.11819999665021896,0.0023,89,80,0.1172,89.92,77.22
472,0.11789999902248383,0.0021,89,80,0.1171,89.84,77.34
473,0.11800000071525574,0.0021,89,80,0.1172,89.76,77.46
474,0.11819999665021896,0.0028,88,80,0.1169,89.66,77.58
475,0.11829999834299088,0.0031,88,80,0.1173,89.56,77.7
476,0.11860000342130661,0.0029,88,80,0.1174,89.46,77.78
477,0.11860000342130661,0.0028,87,80,0.1176,89.34,77.88
478,0.11819999665021896,0.0022,87,80,0.1176,89.22,77.98
479,0.11819999665021896,0.002,87,80,0.1175,89.14,78.06
480,0.11869999766349792,0.0029,87,81,0.1173,89.06,78.18
481,0.11909999698400497,0.0034,87,81,0.1177,88.98,78.34
482,0.11810000240802765,0.0028,87,81,0.1174,88.92,78.46
483,0.1185000017285347,0.002,87,80,0.1177,88.86,78.56
484,0.11890000104904175,0.0024,87,80,0.1178,88.8,78.64
485,0.1185000017285347,0.0028,87,80,0.1177,88.74,78.72
486,0.11789999902248383,0.0022,87,80,0.1172,88.7,78.8
487,0.11789999902248383,0.0022,87,80,0.117,88.66,78.9
488,0.1177000030875206,0.002,87,80,0.1168,88.6,78.98
489,0.11760000139474869,0.0019,87,80,0.1169,88.54,79.06
490,0.11760000139474869,0.002,87,80,0.1169,88.48,79.14
491,0.11760000139474869,0.002,86,79,0.117,88.4,79.22
492,0.11729999631643295,0.0023,84,79,0.1165,88.3,79.28
493,0.1168999969959259,0.0022,85,78,0.1162,88.22,79.32
494,0.11729999631643295,0.0022,84,78,0.1165,88.12,79.36
495,0.11699999868869781,0.0017,84,78,0.1164,88.02,79.4
496,0.11739999800920486,0.0016,84,79,0.1168,87.92,79.46
497,0.11729999631643295,0.0019,84,78,0.1168,87.82,79.48
498,0.11810000240802765,0.0022,84,78,0.1171,87.72,79.48
499,0.11900000274181366,0.0033,84,78,0.1174,87.62,79.48
500,0.11829999834299088,0.0031,84,78,0.1173,87.52,79.48
501,0.11860000342130661,0.0023,84,78,0.1174,87.42,79.48
502,0.11749999970197678,0.0017,84,78,0.1172,87.32,79.48
503,0.11779999732971191,0.0013,84,78,0.117,87.22,79.48
504,0.11800000071525574,0.002,83,78,0.1174,87.1,79.46
505,0.11800000071525574,0.002,82,78,0.1171,86.96,79.44
506,0.1177000030875206,0.0021,82,78,0.1169,86.82,79.42
507,0.11760000139474869,0.0023,81,77,0.1166,86.66,79.38
508,0.11720000207424164,0.0024,80,77,0.1163,86.48,79.34
509,0.11760000139474869,0.0024,80,77,0.1167,86.3,79.28
510,0.11760000139474869,0.0022,80,77,0.1165,86.12,79.24
511,0.11749999970197678,0.0023,80,76,0.1165,85.92,79.16
512,0.11819999665021896,0.0031,80,76,0.1168,85.72,79.08
513,0.11760000139474869,0.0026,80,76,0.1168,85.52,79.0
514,0.11860000342130661,0.0028,80,76,0.117,85.32,78.92
515,0.11779999732971191,0.0032,80,76,0.1167,85.14,78.84
516,0.11729999631643295,0.0021,80,76,0.117,84.96,78.76
517,0.11789999902248383,0.0018,80,76,0.1168,84.78,78.68
518,0.11779999732971191,0.0025,80,76,0.1171,84.6,78.6
519,0.1168999969959259,0.0019,81,76,0.1165,84.44,78.52
520,0.11760000139474869,0.0027,81,76,0.1162,84.28,78.44
521,0.11710000038146973,0.0025,81,76,0.1163,84.12,78.36
522,0.11699999868869781,0.0017,80,76,0.1166,83.94,78.28
523,0.11749999970197678,0.0019,80,76,0.1167,83.76,78.2
524,0.1177000030875206,0.0022,80,76,0.1169,83.6,78.12
525,0.11829999834299088,0.0024,80,76,0.1171,83.44,78.04
526,0.1177000030875206,0.0024,80,76,0.117,83.28,77.96
527,0.11749999970197678,0.0016,80,76,0.1169,83.14,77.88
528,0.11729999631643295,0.0016,80,78,0.1168,83.0,77.84
529,0.11729999631643295,0.0016,80,80,0.1169,82.86,77.84
530,0.11800000071525574,0.0019,80,80,0.117,82.72,77.82
531,0.11749999970197678,0.0019,80,79,0.1171,82.58,77.78
532,0.1177000030875206,0.0014,80,81,0.1173,82.44,77.78
533,0.11789999902248383,0.0016,80,81,0.1171,82.3,77.8
534,0.11749999970197678,0.0012,80,82,0.1172,82.16,77.84
535,0.11779999732971191,0.0011,80,81,0.1173,82.02,77.86
536,0.11819999665021896,0.0022,80,81,0.1172,81.88,77.88
537,0.11800000071525574,0.0028,80,81,0.1171,81.74,77.9
538,0.11749999970197678,0.0021,80,81,0.1169,81.6,77.92
539,0.11729999631643295,0.0012,80,81,0.1169,81.46,77.94
540,0.11760000139474869,0.0017,80,80,0.1168,81.32,77.94
541,0.1177000030875206,0.0019,80,82,0.1171,81.2,78.0
542,0.11779999732971191,0.0017,80,82,0.1172,81.12,78.06
543,0.11749999970197678,0.0021,80,82,0.1167,81.02,78.14
544,0.11779999732971191,0.0027,79,82,0.1165,80.92,78.22
545,0.11779999732971191,0.003,79,82,0.1167,80.82,78.3
546,0.11779999732971191,0.0026,79,82,0.1167,80.72,78.36
547,0.11760000139474869,0.002,79,82,0.1169,80.62,78.44
548,0.11739999800920486,0.0016,79,82,0.1167,80.52,78.52
549,0.11879999935626984,0.0028,79,83,0.1176,80.42,78.62
550,0.11800000071525574,0.0024,79,82,0.1173,80.32,78.7
551,0.11729999631643295,0.0015,79,81,0.117,80.22,78.76
552,0.11800000071525574,0.0017,79,82,0.1174,80.12,78.84
553,0.11810000240802765,0.0019,79,82,0.1174,80.02,78.92
554,0.11819999665021896,0.0023,79,82,0.117,79.94,79.0
555,0.11810000240802765,0.0027,79,82,0.1171,79.88,79.08
556,0.11749999970197678,0.0022,78,82,0.1171,79.8,79.16
557,0.11829999834299088,0.0018,78,82,0.1173,79.74,79.26
558,0.11810000240802765,0.002,78,82,0.1172,79.7,79.36
559,0.11800000071525574,0.0023,78,82,0.1169,79.66,79.46
560,0.11739999800920486,0.0022,78,82,0.1168,79.62,79.56
561,0.11760000139474869,0.0014,78,82,0.117,79.58,79.68
562,0.11840000003576279,0.0024,78,82,0.1173,79.54,79.8
563,0.11800000071525574,0.0026,79,70,0.1171,79.52,79.68
564,0.11779999732971191,0.0018,79,70,0.1174,79.5,79.56
565,0.11829999834299088,0.0025,79,70,0.1173,79.48,79.44
566,0.11800000071525574,0.0025,79,70,0.1171,79.46,79.32
567,0.11749999970197678,0.0021,78,70,0.1168,79.42,79.2
568,0.11840000003576279,0.0031,78,71,0.1172,79.38,79.1
569,0.11739999800920486,0.0024,78,71,0.1169,79.32,79.0
570,0.11810000240802765,0.0021,78,71,0.117,79.26,78.9
571,0.11800000071525574,0.0023,78,72,0.1173,79.2,78.82
572,0.1177000030875206,0.0021,79,71,0.1171,79.18,78.72
573,0.11760000139474869,0.0017,79,72,0.1172,79.16,78.64
574,0.11810000240802765,0.0019,79,72,0.1174,79.14,78.56
575,0.11840000003576279,0.0019,79,72,0.1176,79.12,78.48
576,0.11819999665021896,0.0018,79,72,0.1177,79.1,78.4
577,0.11789999902248383,0.0019,79,72,0.1172,79.08,78.32
578,0.11829999834299088,0.0018,80,72,0.1176,79.08,78.2
579,0.11789999902248383,0.0016,79,72,0.1173,79.06,78.04
580,0.11789999902248383,0.0014,79,72,0.1174,79.04,77.88
581,0.11829999834299088,0.0024,79,73,0.1173,79.02,77.76
582,0.11819999665021896,0.0031,79,73,0.1171,79.0,77.6
583,0.11749999970197678,0.0019,79,73,0.1171,78.98,77.44
584,0.11739999800920486,0.0013,79,73,0.117,78.96,77.26
585,0.11720000207424164,0.0014,79,73,0.1167,78.94,77.1
586,0.11779999732971191,0.002,79,73,0.1167,78.92,76.94
587,0.11710000038146973,0.0021,79,73,0.1164,78.9,76.78
588,0.11720000207424164,0.0023,79,73,0.1161,78.88,76.62
589,0.11699999868869781,0.0022,79,73,0.1163,78.86,76.46
590,0.11729999631643295,0.0021,79,73,0.1162,78.84,76.32
591,0.11749999970197678,0.0026,79,72,0.1167,78.82,76.12
592,0.11749999970197678,0.0024,78,73,0.1166,78.78,75.94
593,0.11720000207424164,0.0015,78,73,0.1167,78.74,75.76
594,0.11800000071525574,0.002,78,73,0.1171,78.72,75.58
595,0.11739999800920486,0.002,78,73,0.117,78.7,75.4
596,0.1177000030875206,0.0017,78,74,0.117,78.68,75.24
597,0.11860000342130661,0.0029,77,86,0.1174,78.64,75.32
598,0.11860000342130661,0.0028,77,86,0.1175,78.6,75.4
599,0.11909999698400497,0.0029,77,87,0.1178,78.56,75.48
600,0.11879999935626984,0.0029,77,87,0.1179,78.52,75.58
601,0.1193000003695488,0.0027,77,87,0.1182,78.48,75.7
602,0.11869999766349792,0.0026,78,87,0.118,78.46,75.8
603,0.11949999630451202,0.0024,78,87,0.1185,78.44,75.9
604,0.11959999799728394,0.0027,78,87,0.1183,78.42,76.0
605,0.11879999935626984,0.0024,78,86,0.1181,78.4,76.08
606,0.11909999698400497,0.0021,79,86,0.1184,78.42,76.16
607,0.11890000104904175,0.002,77,86,0.1182,78.4,76.24
608,0.11900000274181366,0.0025,77,86,0.1181,78.38,76.32
609,0.11860000342130661,0.0026,76,86,0.118,78.34,76.4
610,0.11890000104904175,0.0025,75,86,0.1179,78.28,76.48
611,0.1185000017285347,0.0026,75,86,0.1176,78.22,76.56
612,0.11800000071525574,0.0015,75,86,0.1176,78.16,76.64
613,0.11860000342130661,0.0018,75,86,0.1177,78.08,76.96
614,0.11860000342130661,0.0022,75,86,0.1177,78.0,77.28
615,0.11860000342130661,0.003,75,87,0.1175,77.92,77.62
616,0.11900000274181366,0.003,75,87,0.1178,77.84,77.96
617,0.11829999834299088,0.0023,75,87,0.1178,77.78,78.3
618,0.11890000104904175,0.0018,74,87,0.118,77.7,78.62
619,0.11900000274181366,0.0021,74,87,0.118,77.62,78.94
620,0.11900000274181366,0.0022,74,87,0.1181,77.54,79.26
621,0.11840000003576279,0.0014,74,87,0.1181,77.46,79.56
622,0.11959999799728394,0.0024,74,86,0.1181,77.36,79.86
623,0.11879999935626984,0.003,74,87,0.1181,77.26,80.16
624,0.11860000342130661,0.0022,74,87,0.1179,77.16,80.46
625,0.1185000017285347,0.0019,74,87,0.1176,77.06,80.76
626,0.11829999834299088,0.0024,74,88,0.1177,76.96,81.08
627,0.11860000342130661,0.0021,74,89,0.1178,76.86,81.42
628,0.11900000274181366,0.0024,75,89,0.1182,76.76,81.76
629,0.11909999698400497,0.0027,74,88,0.1182,76.66,82.08
630,0.11890000104904175,0.0022,74,88,0.1183,76.56,82.4
631,0.11980000138282776,0.0027,74,88,0.1184,76.46,82.7
632,0.11949999630451202,0.0029,74,88,0.1186,76.36,83.0
633,0.11940000206232071,0.0021,74,88,0.1185,76.26,83.3
634,0.11919999867677689,0.0018,74,88,0.1187,76.16,83.6
635,0.12030000239610672,0.0023,74,89,0.1191,76.06,83.92
636,0.11969999969005585,0.0022,74,89,0.1193,75.96,84.24
637,0.11959999799728394,0.0015,74,89,0.1189,75.86,84.56
638,0.12020000070333481,0.002,74,89,0.1193,75.76,84.88
639,0.11969999969005585,0.0021,74,89,0.1191,75.66,85.2
640,0.11990000307559967,0.0018,74,89,0.1191,75.56,85.52
641,0.12020000070333481,0.0021,74,90,0.1196,75.46,85.88
642,0.12080000340938568,0.0026,74,91,0.1197,75.38,86.24
643,0.12049999833106995,0.0019,74,91,0.1197,75.3,86.6
644,0.12080000340938568,0.0023,74,91,0.12,75.22,86.96
645,0.12129999697208405,0.0023,74,91,0.1203,75.14,87.32
646,0.12120000272989273,0.0025,74,91,0.1203,75.06,87.66
647,0.12110000103712082,0.0027,74,91,0.1203,75.0,87.76
648,0.12139999866485596,0.0029,74,91,0.12,74.94,87.86
649,0.12110000103712082,0.0027,74,91,0.1201,74.88,87.94
650,0.12080000340938568,0.0021,73,91,0.1199,74.8,88.02
651,0.120899997651577,0.0025,73,91,0.1198,74.72,88.1
652,0.12070000171661377,0.0028,73,91,0.1197,74.62,88.18
653,0.12060000002384186,0.0019,73,91,0.12,74.52,88.26
654,0.12120000272989273,0.0022,73,91,0.1201,74.42,88.34
655,0.12110000103712082,0.0029,73,91,0.1201,74.32,88.44
656,0.12080000340938568,0.0023,73,91,0.1202,74.2,88.54
657,0.12189999967813492,0.0025,74,91,0.1207,74.14,88.64
658,0.12120000272989273,0.0023,73,91,0.1206,74.06,88.74
659,0.120899997651577,0.0013,73,91,0.1204,74.0,88.84
660,0.12160000205039978,0.0019,73,91,0.1206,73.96,88.94
661,0.12160000205039978,0.0022,73,91,0.1209,73.92,89.04
662,0.12110000103712082,0.0017,73,91,0.1206,73.88,89.14
663,0.1216999962925911,0.002,73,91,0.1206,73.84,89.24
664,0.12189999967813492,0.0026,73,91,0.1207,73.8,89.34
665,0.12150000035762787,0.0022,73,91,0.1206,73.76,89.42
666,0.12219999730587006,0.0027,73,91,0.1209,73.72,89.5
667,0.12189999967813492,0.0029,73,90,0.121,73.68,89.56
668,0.12200000137090683,0.0023,73,92,0.1213,73.66,89.66
669,0.12219999730587006,0.002,73,92,0.1213,73.64,89.76
670,0.12200000137090683,0.002,73,93,0.1215,73.62,89.88
671,0.12229999899864197,0.0019,73,93,0.1213,73.6,90.0
672,0.12229999899864197,0.0026,73,93,0.1215,73.58,90.14
673,0.12129999697208405,0.002,72,93,0.1209,73.54,90.26
674,0.12150000035762787,0.002,73,94,0.1208,73.52,90.4
675,0.1216999962925911,0.0022,73,94,0.121,73.5,90.54
676,0.12139999866485596,0.0019,73,94,0.1209,73.48,90.66
677,0.121799997985363,0.0016,73,94,0.1212,73.46,90.76
678,0.12210000306367874,0.0021,72,94,0.1212,73.4,90.86
679,0.12189999967813492,0.002,72,94,0.121,73.36,90.98
680,0.1216999962925911,0.0016,72,94,0.1211,73.32,91.1
681,0.12200000137090683,0.0019,72,94,0.1208,73.28,91.22
682,0.12150000035762787,0.0025,72,94,0.1207,73.24,91.34
683,0.12210000306367874,0.003,72,94,0.1206,73.2,91.46
684,0.12120000272989273,0.0025,72,94,0.1205,73.16,91.58
685,0.12129999697208405,0.0015,72,94,0.1206,73.12,91.68
686,0.12150000035762787,0.0022,72,94,0.1207,73.08,91.78
687,0.12129999697208405,0.0026,72,95,0.1204,73.04,91.9
688,0.12139999866485596,0.0021,72,95,0.1204,73.0,92.02
689,0.12080000340938568,0.0028,72,94,0.1201,72.96,92.12
690,0.12099999934434891,0.002,72,94,0.1202,72.92,92.22
691,0.12150000035762787,0.0027,72,94,0.1209,72.88,92.3
692,0.12110000103712082,0.002,72,94,0.1207,72.84,92.36
693,0.12110000103712082,0.0012,72,93,0.1209,72.8,92.4
694,0.12139999866485596,0.0007,72,94,0.1212,72.76,92.46
695,0.12219999730587006,0.0018,72,94,0.1212,72.72,92.52
696,0.12319999933242798,0.0034,72,96,0.1215,72.68,92.62
697,0.12219999730587006,0.0032,72,95,0.1213,72.64,92.7
698,0.12139999866485596,0.0022,72,96,0.121,72.6,92.8
699,0.12210000306367874,0.0019,72,96,0.1213,72.56,92.9
700,0.12240000069141388,0.0019,72,96,0.1214,72.54,93.0
701,0.12269999831914902,0.0023,72,96,0.1214,72.52,93.1
702,0.12219999730587006,0.0021,72,96,0.1216,72.5,93.2
703,0.12229999899864197,0.0025,72,97,0.1215,72.48,93.32
704,0.12229999899864197,0.0024,72,98,0.1217,72.46,93.46
705,0.1225999966263771,0.0021,72,97,0.1215,72.44,93.58
706,0.1225999966263771,0.0024,72,97,0.1216,72.42,93.7
707,0.12269999831914902,0.0021,73,97,0.1221,72.4,93.82
708,0.12309999763965607,0.0022,72,99,0.1224,72.38,93.98
709,0.1234000027179718,0.0029,72,98,0.1225,72.36,94.12
710,0.12349999696016312,0.0027,72,96,0.1227,72.34,94.22
711,0.1234000027179718,0.0021,72,96,0.1225,72.32,94.32
712,0.12380000203847885,0.0028,71,96,0.1228,72.28,94.42
713,0.1234000027179718,0.0024,71,94,0.1229,72.24,94.48
714,0.1242000013589859,0.0024,71,95,0.1231,72.2,94.56
715,0.12389999628067017,0.0025,71,95,0.1231,72.16,94.64
716,0.12359999865293503,0.0019,71,95,0.1229,72.12,94.72
717,0.12370000034570694,0.0019,71,95,0.123,72.08,94.82
718,0.12399999797344208,0.0023,71,95,0.1232,72.04,94.88
719,0.12389999628067017,0.0023,71,94,0.1235,72.0,94.92
720,0.12439999729394913,0.0019,71,93,0.1236,71.96,94.92
721,0.12399999797344208,0.0026,71,92,0.1233,71.92,94.9
722,0.12399999797344208,0.0022,71,91,0.1233,71.88,94.86
723,0.1242000013589859,0.0026,71,91,0.123,71.86,94.82
724,0.12399999797344208,0.003,71,93,0.1232,71.82,94.8
725,0.12380000203847885,0.0018,71,92,0.1232,71.78,94.76
726,0.12399999797344208,0.002,71,93,0.1231,71.74,94.74
727,0.1251000016927719,0.0031,71,94,0.1236,71.7,94.74
728,0.12460000067949295,0.0033,71,93,0.1233,71.68,94.72
729,0.1242000013589859,0.0024,71,93,0.1236,71.66,94.7
730,0.12409999966621399,0.0017,71,93,0.1236,71.64,94.68
731,0.12409999966621399,0.0018,71,93,0.1233,71.62,94.66
732,0.12349999696016312,0.0014,70,93,0.1231,71.58,94.64
733,0.12359999865293503,0.0011,70,93,0.1232,71.54,94.62
734,0.12409999966621399,0.0017,70,93,0.1233,71.5,94.6
735,0.1242000013589859,0.0021,69,92,0.1235,71.44,94.56
736,0.12389999628067017,0.0017,69,92,0.1233,71.38,94.52
737,0.125,0.0025,69,92,0.1238,71.32,94.46
738,0.12460000067949295,0.0026,69,92,0.1237,71.26,94.4
739,0.12470000237226486,0.0023,68,92,0.1237,71.18,94.36
740,0.12439999729394913,0.0031,68,92,0.1233,71.1,94.32
741,0.12430000305175781,0.0027,68,92,0.1235,71.02,94.28
742,0.12380000203847885,0.0015,68,92,0.1234,70.94,94.24
743,0.12439999729394913,0.0018,69,92,0.1236,70.88,94.22
744,0.1242000013589859,0.0024,68,91,0.1233,70.8,94.16
745,0.1242000013589859,0.002,68,91,0.1234,70.72,94.1
746,0.12449999898672104,0.0023,68,91,0.1232,70.64,94.0
747,0.12409999966621399,0.0028,68,91,0.123,70.56,93.92
748,0.12399999797344208,0.0023,68,91,0.123,70.48,93.82
749,0.12430000305175781,0.0031,68,91,0.1232,70.4,93.72
750,0.12409999966621399,0.003,68,91,0.1233,70.32,93.62
751,0.12380000203847885,0.0017,68,91,0.1232,70.24,93.52
752,0.12489999830722809,0.0023,67,91,0.1237,70.14,93.42
753,0.12439999729394913,0.0023,67,91,0.1238,70.04,93.3
754,0.12540000677108765,0.0024,67,91,0.1244,69.94,93.16
755,0.1251000016927719,0.0027,67,91,0.1242,69.84,93.04
756,0.12530000507831573,0.0026,66,91,0.1245,69.72,92.92
757,0.12540000677108765,0.0021,66,91,0.1246,69.58,92.8
758,0.12620000541210175,0.0026,66,91,0.125,69.46,92.64
759,0.125900000333786,0.0021,66,91,0.1255,69.34,92.5
760,0.12680000066757202,0.0021,66,91,0.1259,69.22,92.4
761,0.12720000743865967,0.0024,66,91,0.1261,69.1,92.3
762,0.1273999959230423,0.0026,66,91,0.1263,69.0,92.2
763,0.12690000236034393,0.0025,66,91,0.126,68.9,92.14
764,0.12759999930858612,0.0029,66,90,0.1267,68.8,92.04
765,0.12700000405311584,0.0028,66,91,0.1261,68.7,91.96
766,0.1273999959230423,0.0024,66,92,0.1264,68.6,91.9
767,0.12759999930858612,0.0028,66,92,0.1264,68.5,91.84
768,0.12710000574588776,0.0021,66,92,0.1267,68.4,91.78
769,0.1273999959230423,0.0013,66,92,0.1267,68.3,91.74
770,0.12759999930858612,0.0022,65,92,0.1268,68.18,91.72
771,0.12700000405311584,0.002,65,92,0.1266,68.06,91.72
772,0.12729999423027039,0.0013,65,92,0.1269,67.94,91.74
773,0.1282999962568283,0.0018,65,92,0.1272,67.82,91.76
774,0.12800000607967377,0.0023,65,93,0.1272,67.7,91.76
775,0.1274999976158142,0.0019,65,94,0.1271,67.58,91.8
776,0.12809999287128448,0.0016,64,95,0.1277,67.44,91.84
777,0.12770000100135803,0.0012,64,97,0.1276,67.3,91.9
778,0.1281999945640564,0.0013,64,97,0.1274,67.16,91.98
779,0.12860000133514404,0.0026,64,97,0.1275,67.02,92.06
780,0.12839999794960022,0.002,64,98,0.1277,66.88,92.16
781,0.12870000302791595,0.0019,64,98,0.1277,66.74,92.26
782,0.1289999932050705,0.0025,64,99,0.1282,66.62,92.38
783,0.12919999659061432,0.0026,64,98,0.1284,66.5,92.48
784,0.1298000067472458,0.003,64,99,0.1284,66.38,92.6
785,0.12939999997615814,0.0026,64,99,0.1286,66.28,92.74
786,0.1290999948978424,0.0017,64,99,0.1286,66.18,92.88
787,0.12970000505447388,0.002,64,99,0.1286,66.08,93.02
788,0.12970000505447388,0.0026,64,99,0.1286,65.98,93.16
789,0.13009999692440033,0.003,63,100,0.129,65.88,93.32
790,0.1298999935388565,0.0024,63,100,0.129,65.78,93.48
791,0.12950000166893005,0.0022,63,99,0.1288,65.68,93.62
792,0.1298999935388565,0.0018,63,100,0.129,65.58,93.78
793,0.13040000200271606,0.0023,63,100,0.1293,65.46,93.94
794,0.12999999523162842,0.0024,63,100,0.1293,65.36,94.12
795,0.13009999692440033,0.0019,63,100,0.1296,65.26,94.3
796,0.1306000053882599,0.0021,63,100,0.1296,65.16,94.48
797,0.1306000053882599,0.0028,63,100,0.1295,65.06,94.66
798,0.13009999692440033,0.0023,63,100,0.1294,64.96,94.84
799,0.1306000053882599,0.0019,63,101,0.1298,64.86,95.04
800,0.1307000070810318,0.0021,63,101,0.1299,64.76,95.24
801,0.13099999725818634,0.0023,63,101,0.13,64.66,95.44
802,0.1307000070810318,0.0021,63,101,0.1301,64.58,95.64
803,0.13179999589920044,0.0027,63,101,0.1302,64.5,95.84
804,0.13050000369548798,0.0027,63,101,0.1302,64.42,96.04
805,0.13179999589920044,0.0025,63,101,0.1306,64.34,96.24
806,0.13099999725818634,0.0026,63,101,0.1304,64.28,96.44
807,0.13099999725818634,0.0022,63,100,0.1306,64.22,96.62
808,0.13079999387264252,0.002,63,99,0.13,64.16,96.78
809,0.13109999895095825,0.0023,63,102,0.1305,64.1,97.0
810,0.13179999589920044,0.0021,63,102,0.131,64.04,97.22
811,0.1316000074148178,0.002,63,102,0.1309,63.98,97.44
812,0.1315000057220459,0.0021,63,102,0.1307,63.92,97.66
813,0.1315000057220459,0.0018,63,102,0.1311,63.86,97.88
814,0.13220000267028809,0.0017,63,102,0.1315,63.8,98.12
815,0.13249999284744263,0.0019,63,102,0.1317,63.74,98.34
816,0.13289999961853027,0.0022,63,102,0.1319,63.68,98.54
817,0.13279999792575836,0.0029,63,102,0.1317,63.62,98.74
818,0.1324000060558319,0.0026,63,103,0.1316,63.56,98.96
819,0.1324000060558319,0.0024,63,104,0.1315,63.5,99.2
820,0.13279999792575836,0.0024,63,104,0.1319,63.46,99.44
821,0.13259999454021454,0.0026,63,104,0.1318,63.42,99.68
822,0.13269999623298645,0.0019,63,103,0.132,63.38,99.9
823,0.13349999487400055,0.0028,64,104,0.1323,63.36,100.14
824,0.13259999454021454,0.0029,65,104,0.132,63.36,100.36
825,0.13289999961853027,0.0017,65,104,0.132,63.36,100.56
826,0.13269999623298645,0.0016,65,104,0.1322,63.38,100.74
827,0.1331000030040741,0.0014,65,104,0.1324,63.4,100.88
828,0.133200004696846,0.0017,65,104,0.1324,63.42,101.02
829,0.13330000638961792,0.0019,65,104,0.1324,63.44,101.16
830,0.13369999825954437,0.0022,65,104,0.1327,63.46,101.28
831,0.13369999825954437,0.0024,65,104,0.1328,63.48,101.4
832,0.13369999825954437,0.002,65,104,0.133,63.5,101.5
833,0.13420000672340393,0.0027,65,103,0.1328,63.52,101.6
834,0.1340000033378601,0.0028,65,104,0.1331,63.54,101.7
835,0.13330000638961792,0.0019,65,104,0.1328,63.56,101.8
836,0.1339000016450882,0.0018,65,104,0.133,63.58,101.9
837,0.13369999825954437,0.0026,65,104,0.1329,63.6,102.0
838,0.133200004696846,0.0015,65,104,0.1328,63.62,102.1
839,0.133200004696846,0.0012,65,104,0.1329,63.66,102.18
840,0.13410000503063202,0.0021,65,104,0.133,63.7,102.26
841,0.13379999995231628,0.0023,65,105,0.1333,63.74,102.38
842,0.13379999995231628,0.0018,65,106,0.1332,63.78,102.5
843,0.13459999859333038,0.0024,65,107,0.1334,63.82,102.64
844,0.13420000672340393,0.003,65,107,0.1332,63.86,102.78
845,0.13439999520778656,0.0028,64,107,0.1332,63.88,102.92
846,0.13359999656677246,0.0022,64,107,0.133,63.9,103.06
847,0.13339999318122864,0.002,64,107,0.1326,63.92,103.2
848,0.13339999318122864,0.0022,64,107,0.1328,63.94,103.34
849,0.13330000638961792,0.0019,64,107,0.1328,63.96,103.46
850,0.133200004696846,0.0015,64,107,0.1329,63.98,103.58
851,0.13339999318122864,0.0014,64,107,0.1326,64.0,103.7
852,0.133200004696846,0.0018,64,106,0.1326,64.02,103.8
853,0.13339999318122864,0.0026,64,107,0.1325,64.04,103.92
854,0.133200004696846,0.0024,64,107,0.1326,64.06,104.04
855,0.13330000638961792,0.0017,64,107,0.1329,64.08,104.16
856,0.13330000638961792,0.0014,64,107,0.1328,64.1,104.28
857,0.13349999487400055,0.0018,64,107,0.1326,64.12,104.42
858,0.13369999825954437,0.0022,64,107,0.133,64.14,104.58
859,0.1339000016450882,0.002,63,107,0.133,64.14,104.68
860,0.13420000672340393,0.0027,63,107,0.1329,64.14,104.78
861,0.13349999487400055,0.0025,63,107,0.133,64.14,104.88
862,0.13429999351501465,0.0018,63,107,0.1331,64.14,104.98
863,0.13429999351501465,0.0026,63,107,0.133,64.14,105.08
864,0.13449999690055847,0.0032,62,107,0.1336,64.12,105.18
865,0.13510000705718994,0.0028,62,106,0.1341,64.1,105.26
866,0.13439999520778656,0.0021,62,106,0.1338,64.08,105.34
867,0.13490000367164612,0.0021,62,106,0.1341,64.06,105.42
868,0.13449999690055847,0.0018,62,106,0.1339,64.04,105.48
869,0.1348000019788742,0.0021,62,106,0.1342,64.02,105.52
870,0.1347000002861023,0.0021,62,105,0.134,64.0,105.54
871,0.13429999351501465,0.0018,63,105,0.1338,64.0,105.56
872,0.1347000002861023,0.0016,63,105,0.1339,64.0,105.6
873,0.13459999859333038,0.0019,63,106,0.1339,63.98,105.64
874,0.13490000367164612,0.0023,63,106,0.134,63.94,105.68
875,0.13459999859333038,0.0029,63,106,0.1337,63.9,105.72
876,0.13510000705718994,0.0023,63,106,0.1342,63.86,105.76
877,0.13510000705718994,0.0024,63,106,0.1341,63.82,105.8
878,0.13490000367164612,0.0024,63,106,0.1344,63.78,105.84
879,0.13529999554157257,0.0024,62,106,0.1343,63.72,105.88
880,0.13510000705718994,0.0028,62,106,0.1341,63.66,105.92
881,0.1347000002861023,0.0026,62,106,0.1336,63.6,105.96
882,0.1340000033378601,0.0023,61,106,0.1334,63.52,106.0
883,0.13459999859333038,0.002,61,106,0.1337,63.44,106.06
884,0.13420000672340393,0.002,61,106,0.1337,63.36,106.1
885,0.1348000019788742,0.002,61,106,0.1341,63.28,106.14
886,0.1348000019788742,0.0018,61,107,0.1342,63.2,106.2
887,0.13580000400543213,0.0032,61,106,0.1341,63.12,106.24
888,0.13500000536441803,0.0032,61,106,0.1342,63.04,106.28
889,0.13500000536441803,0.0016,61,106,0.1344,62.96,106.32
890,0.13519999384880066,0.002,61,106,0.1342,62.88,106.36
891,0.13500000536441803,0.0024,61,106,0.1345,62.8,106.38
892,0.13510000705718994,0.0025,61,106,0.1341,62.72,106.38
893,0.13429999351501465,0.002,62,106,0.1342,62.66,106.36
894,0.13459999859333038,0.0019,61,106,0.1337,62.58,106.34
895,0.1340000033378601,0.0018,61,106,0.1335,62.52,106.32
896,0.13439999520778656,0.0016,61,106,0.1338,62.46,106.3
897,0.13439999520778656,0.0016,61,106,0.1337,62.4,106.28
898,0.1340000033378601,0.0014,62,107,0.1338,62.36,106.28
899,0.13429999351501465,0.0017,62,106,0.1333,62.32,106.26
900,0.13369999825954437,0.002,62,104,0.1331,62.28,106.2
901,0.13459999859333038,0.0029,62,105,0.1336,62.24,106.16
902,0.13379999995231628,0.0026,62,105,0.1333,62.2,106.14
903,0.1340000033378601,0.0016,62,105,0.1333,62.16,106.1
904,0.13449999690055847,0.0021,62,105,0.1338,62.12,106.06
905,0.13459999859333038,0.0023,62,105,0.1336,62.08,106.02
906,0.13490000367164612,0.0029,62,106,0.1337,62.04,106.0
907,0.13449999690055847,0.0026,62,108,0.1338,62.0,106.02
908,0.13459999859333038,0.0017,62,108,0.1338,61.96,106.04
909,0.13519999384880066,0.0026,62,108,0.1338,61.94,106.06
910,0.13490000367164612,0.0031,62,108,0.1339,61.92,106.08
911,0.1347000002861023,0.002,63,108,0.1343,61.92,106.1
912,0.13510000705718994,0.0022,62,109,0.134,61.9,106.14
913,0.13459999859333038,0.0021,62,108,0.1341,61.88,106.16
914,0.1347000002861023,0.0015,62,108,0.134,61.88,106.18
915,0.1354999989271164,0.0024,62,108,0.1342,61.88,106.22
916,0.1348000019788742,0.0029,62,108,0.1341,61.88,106.26
917,0.1354999989271164,0.0029,61,117,0.1345,61.86,106.48
918,0.13490000367164612,0.0022,61,117,0.1343,61.84,106.7
919,0.1354999989271164,0.0024,60,117,0.1343,61.8,106.92
920,0.13570000231266022,0.003,61,118,0.1347,61.78,107.18
921,0.13600000739097595,0.0031,60,117,0.1349,61.72,107.42
922,0.1354999989271164,0.0025,60,117,0.1346,61.66,107.66
923,0.13529999554157257,0.002,60,116,0.1347,61.6,107.86
924,0.13500000536441803,0.0015,60,116,0.1346,61.54,108.06
925,0.13570000231266022,0.0019,60,116,0.1347,61.48,108.26
926,0.13609999418258667,0.0024,60,116,0.1351,61.42,108.46
927,0.13680000603199005,0.0031,60,116,0.1356,61.36,108.66
928,0.13590000569820404,0.0027,61,117,0.1353,61.32,108.88
929,0.13590000569820404,0.002,61,116,0.1351,61.3,109.08
930,0.13529999554157257,0.0022,61,113,0.1347,61.28,109.22
931,0.1354999989271164,0.0014,61,114,0.1353,61.26,109.38
932,0.13619999587535858,0.0021,61,114,0.135,61.26,109.54
933,0.13650000095367432,0.0035,61,114,0.1349,61.26,109.7
934,0.13590000569820404,0.003,61,114,0.135,61.26,109.86
935,0.1356000006198883,0.0021,61,113,0.1351,61.26,110.0
936,0.1354999989271164,0.0013,61,113,0.1351,61.26,110.12
937,0.13570000231266022,0.0016,61,113,0.1348,61.26,110.26
938,0.13619999587535858,0.0027,61,113,0.135,61.26,110.4
939,0.13570000231266022,0.0025,61,113,0.1349,61.26,110.54
940,0.1356000006198883,0.0023,61,112,0.1351,61.26,110.66
941,0.1363999992609024,0.0022,61,113,0.1353,61.26,110.8
942,0.13670000433921814,0.0027,61,114,0.1357,61.26,110.96
943,0.13689999282360077,0.0028,61,113,0.1356,61.24,111.1
944,0.13670000433921814,0.0026,61,113,0.1358,61.24,111.24
945,0.13590000569820404,0.0022,61,113,0.1353,61.24,111.38
946,0.13680000603199005,0.0021,61,113,0.1357,61.24,111.52
947,0.13590000569820404,0.0031,61,112,0.1349,61.24,111.64
948,0.1356000006198883,0.0025,61,112,0.1351,61.22,111.74
949,0.13529999554157257,0.0015,61,112,0.1348,61.2,111.86
950,0.1356000006198883,0.0019,61,112,0.1347,61.18,112.02
951,0.13580000400543213,0.0026,61,112,0.1347,61.16,112.16
952,0.13580000400543213,0.0034,61,112,0.1348,61.14,112.3
953,0.13490000367164612,0.0023,62,113,0.1344,61.14,112.46
954,0.13580000400543213,0.0019,62,113,0.1347,61.14,112.62
955,0.1362999975681305,0.0031,62,114,0.1351,61.14,112.8
956,0.1356000006198883,0.0023,62,113,0.1352,61.14,112.94
957,0.13570000231266022,0.0015,62,114,0.1351,61.14,113.06
958,0.13619999587535858,0.0025,62,113,0.1353,61.14,113.16
959,0.13619999587535858,0.0024,62,113,0.1354,61.14,113.26
960,0.13590000569820404,0.0019,62,113,0.1354,61.14,113.36
961,0.13609999418258667,0.0016,62,113,0.1355,61.12,113.46
962,0.13619999587535858,0.0019,62,113,0.1355,61.12,113.54
963,0.13689999282360077,0.0025,62,113,0.1357,61.12,113.64
964,0.13660000264644623,0.0023,62,113,0.1359,61.12,113.74
965,0.1363999992609024,0.002,62,114,0.1358,61.12,113.86
966,0.1363999992609024,0.0026,62,113,0.1357,61.12,113.96
967,0.13600000739097595,0.002,62,112,0.1354,61.14,113.86
968,0.13570000231266022,0.0019,62,113,0.1351,61.16,113.78
969,0.13609999418258667,0.0024,61,113,0.1353,61.18,113.7
970,0.1356000006198883,0.0021,61,112,0.135,61.18,113.58
971,0.13619999587535858,0.0026,60,112,0.1352,61.18,113.48
972,0.13600000739097595,0.0024,60,111,0.1354,61.18,113.36
973,0.1363999992609024,0.0022,59,141,0.1353,61.16,113.86
974,0.1363999992609024,0.0026,59,142,0.1354,61.14,114.38
975,0.13539999723434448,0.002,59,142,0.135,61.12,114.9
976,0.1363999992609024,0.0022,59,143,0.1353,61.1,115.44
977,0.13650000095367432,0.0023,59,143,0.1358,61.08,115.98
978,0.1370999962091446,0.0028,60,142,0.1361,61.06,116.48
979,0.13699999451637268,0.0025,59,143,0.1363,61.02,117.02
980,0.13680000603199005,0.0018,59,142,0.1361,60.98,117.6
981,0.1362999975681305,0.0021,59,141,0.1356,60.94,118.14
982,0.13619999587535858,0.0019,59,140,0.1355,60.9,118.66
983,0.13660000264644623,0.0022,60,140,0.1357,60.88,119.18
984,0.13590000569820404,0.0025,59,140,0.1353,60.84,119.7
985,0.1362999975681305,0.0018,59,140,0.1356,60.8,120.24
986,0.13680000603199005,0.0025,59,140,0.1355,60.76,120.78
987,0.13650000095367432,0.0027,59,142,0.1358,60.72,121.36
988,0.1363999992609024,0.0019,59,141,0.1358,60.68,121.92
989,0.1363999992609024,0.0016,59,142,0.1358,60.64,122.5
990,0.13660000264644623,0.0022,59,142,0.1355,60.6,123.1
991,0.13729999959468842,0.0039,58,143,0.1357,60.54,123.7
992,0.13689999282360077,0.003,58,144,0.136,60.48,124.3
993,0.13740000128746033,0.0027,58,145,0.1363,60.42,124.94
994,0.1371999979019165,0.0026,58,144,0.1364,60.36,125.56
995,0.13750000298023224,0.0023,58,145,0.1366,60.3,126.2
996,0.13729999959468842,0.0024,59,146,0.1367,60.26,126.86
997,0.13779999315738678,0.0017,58,146,0.1371,60.2,127.54
998,0.13809999823570251,0.0021,58,146,0.1374,60.14,128.22
999,0.13809999823570251,0.0022,58,146,0.1372,60.08,128.9
1000,0.13830000162124634,0.0026,58,146,0.1374,60.02,129.58
